Duration,Direction,Levene_W,p_value,Homoscedasticity_OK
0.1,0,6.111936626443096,0.0024743362008679388,0
0.1,1,9.022568647808333,0.0001551228818393204,0
1.0,0,0.47462355557964747,0.6224964215161779,1
1.0,1,0.27453904592208006,0.7600733266657543,1
2.0,0,0.33855960953027137,0.7130122079568479,1
2.0,1,0.30728318791741877,0.7356239177312618,1
